Story ID,Prediction,Rationale,book_name,character,verdict,confidence
1,0,Contradiction (factual): one sentence,In Search of the Castaways,Jacques Paganel,contradicted,0.65
2,0,Contradiction (factual): one sentence,In Search of the Castaways,Jacques Paganel,contradicted,0.65
3,0,Contradiction (factual): one sentence,In Search of the Castaways,Jacques Paganel,contradicted,0.65
4,0,Contradiction (temporal|capability|commitment|world_rule|factual|none): one sentence,In Search of the Castaways,Jacques Paganel,contradicted,0.65
5,0,Contradiction (factual): one sentence,In Search of the Castaways,Jacques Paganel,contradicted,0.65
6,0,Contradiction (capability): The excerpt contradicts the claim by describing a conversation between Paganel and Captain Mangles about the possibilit...,In Search of the Castaways,Jacques Paganel,contradicted,0.65
7,0,Contradiction (commitment): The excerpt contradicts the claim by suggesting that Paganel's actions were motivated by a desire to avoid danger and f...,In Search of the Castaways,Jacques Paganel,contradicted,0.65
8,0,Contradiction (capability): The passage contradicts the claim by stating that Paganel was a prisoner of the Maoris for three days.,In Search of the Castaways,Jacques Paganel,contradicted,0.65
9,0,Contradiction (factual): The character's actions contradict the claim that he accidentally slipped a farewell letter to his French sweetheart into ...,In Search of the Castaways,Jacques Paganel,contradicted,0.65
10,0,Contradiction (factual): one sentence,In Search of the Castaways,Jacques Paganel,contradicted,0.65
11,0,Contradiction (factual): one sentence,In Search of the Castaways,Jacques Paganel,contradicted,0.65
12,0,Contradiction (factual): one sentence,In Search of the Castaways,Jacques Paganel,contradicted,0.65
13,0,Contradiction (capability): The character's actions contradict their claimed background.,In Search of the Castaways,Jacques Paganel,contradicted,0.65
14,0,Contradiction (capability): The excerpt contradicts the claim by stating that Paganel was embarrassed and could not summon courage to speak for him...,In Search of the Castaways,Jacques Paganel,contradicted,0.65
15,0,Contradiction (capability): The passage contradicts the claim by stating that Paganel was a prisoner of the Maoris and was treated poorly.,In Search of the Castaways,Jacques Paganel,contradicted,0.65
16,0,"Contradiction (factual): The character's presence on the ship is explained, and it is revealed that he has a mission from the Geographical Society.",In Search of the Castaways,Jacques Paganel,contradicted,0.65
17,0,Contradiction (capability): one sentence,In Search of the Castaways,Jacques Paganel,contradicted,0.65
18,0,Contradiction (factual): The story Paganel tells is not related to the claim made about him.,In Search of the Castaways,Jacques Paganel,contradicted,0.65
19,0,Contradiction (capability): The excerpt contradicts the claim by stating that Paganel was interested in learning Spanish to facilitate his search o...,In Search of the Castaways,Jacques Paganel,contradicted,0.65
20,0,Contradiction (capability): one sentence,In Search of the Castaways,Jacques Paganel,contradicted,0.65
21,0,Contradiction (temporal|capability|commitment|world_rule|factual|none): one sentence,In Search of the Castaways,Jacques Paganel,contradicted,0.65
22,0,Contradiction (factual): one sentence,In Search of the Castaways,Jacques Paganel,contradicted,0.65
23,0,Contradiction (factual): The passage contradicts the claim by describing Paganel's experiences after his mother died and how he was taken to Europe...,In Search of the Castaways,Jacques Paganel,contradicted,0.65
24,0,Contradiction (capability): one sentence,In Search of the Castaways,Jacques Paganel,contradicted,0.65
25,0,Contradiction (factual): one sentence,In Search of the Castaways,Jacques Paganel,contradicted,0.65
26,0,Contradiction (temporal|capability|commitment|world_rule|factual|none): one sentence,In Search of the Castaways,Tom Ayrton/Ben Joyce,contradicted,0.65
27,0,Contradiction (temporal|capability|commitment|world_rule|factual|none): one sentence,In Search of the Castaways,Tom Ayrton/Ben Joyce,contradicted,0.65
28,0,Contradiction (temporal): one sentence,In Search of the Castaways,Tom Ayrton/Ben Joyce,contradicted,0.65
29,0,Contradiction (temporal): one sentence,In Search of the Castaways,Tom Ayrton/Ben Joyce,contradicted,0.65
30,0,Contradiction (factual): one sentence,In Search of the Castaways,Tom Ayrton/Ben Joyce,contradicted,0.65
31,0,Contradiction (factual): The character's name is misspelled in the novel.,In Search of the Castaways,Tom Ayrton/Ben Joyce,contradicted,0.65
32,0,Contradiction (temporal): one sentence,In Search of the Castaways,Tom Ayrton/Ben Joyce,contradicted,0.65
33,0,Contradiction (temporal|capability|commitment|world_rule|factual|none): one sentence,In Search of the Castaways,Tom Ayrton/Ben Joyce,contradicted,0.65
34,0,Contradiction (factual): The character claims to have found ship's papers that mentioned an illicit Australian land deal by a British peer and plan...,In Search of the Castaways,Tom Ayrton/Ben Joyce,contradicted,0.65
35,0,Contradiction (temporal): one sentence,In Search of the Castaways,Tom Ayrton/Ben Joyce,contradicted,0.65
36,0,Contradiction (temporal): one sentence,In Search of the Castaways,Tom Ayrton/Ben Joyce,contradicted,0.65
37,0,Contradiction (temporal): one sentence,In Search of the Castaways,Tom Ayrton/Ben Joyce,contradicted,0.65
38,0,Contradiction (temporal): one sentence,In Search of the Castaways,Tom Ayrton/Ben Joyce,contradicted,0.65
39,0,Contradiction (temporal|capability|commitment|world_rule|factual|none): one sentence,In Search of the Castaways,Tom Ayrton/Ben Joyce,contradicted,0.65
40,0,Contradiction (capability): The character's actions contradict their claimed background.,In Search of the Castaways,Tom Ayrton/Ben Joyce,contradicted,0.65
41,0,Contradiction (temporal|capability|commitment|world_rule|factual|none): one sentence,In Search of the Castaways,Tom Ayrton/Ben Joyce,contradicted,0.65
42,0,Contradiction (temporal|capability|commitment|world_rule|factual|none): one sentence,In Search of the Castaways,Tom Ayrton/Ben Joyce,contradicted,0.65
43,0,Contradiction (factual): The character is not shown to have fled to the Southern Hemisphere.,In Search of the Castaways,Tom Ayrton/Ben Joyce,contradicted,0.65
44,0,Contradiction (temporal): one sentence,In Search of the Castaways,Tom Ayrton/Ben Joyce,contradicted,0.65
45,0,Contradiction (factual): one sentence,In Search of the Castaways,Tom Ayrton/Ben Joyce,contradicted,0.65
46,0,Contradiction (factual): one sentence,In Search of the Castaways,Thalcave,contradicted,0.65
47,0,Contradiction (factual): one sentence,In Search of the Castaways,Thalcave,contradicted,0.65
48,0,"Contradiction (capability): Thalcave is able to pass as a gaucho and work on a ranch, but also guard his tribe's herb lore and nature beliefs.",In Search of the Castaways,Thalcave,contradicted,0.65
49,0,"Contradiction (capability): The passage contradicts the claim by describing Thalcave's desire to meet the chiefs and rescue Harry Grant, suggesting...",In Search of the Castaways,Thalcave,contradicted,0.65
50,0,Contradiction (temporal): one sentence,In Search of the Castaways,Thalcave,contradicted,0.65
51,0,Contradiction (factual): one sentence,In Search of the Castaways,Thalcave,contradicted,0.65
52,0,"Contradiction (capability): The excerpt contradicts the claim by stating that Thalcave whistled to call his horse, rather than using ancient Tehuel...",In Search of the Castaways,Thalcave,contradicted,0.65
53,0,Contradiction (factual): one sentence,In Search of the Castaways,Thalcave,contradicted,0.65
54,0,"Contradiction (factual): The excerpt contradicts the claim by describing Thalcave's horse as a beautiful and spirited beast, which is not consisten...",In Search of the Castaways,Thalcave,contradicted,0.65
55,0,Contradiction (factual): The excerpt contradicts the claim by stating that Thalcave did not appear to hear Paganel's question about Captain Grant b...,In Search of the Castaways,Thalcave,contradicted,0.65
56,0,Contradiction (temporal): one sentence,In Search of the Castaways,Thalcave,contradicted,0.65
57,0,Contradiction (capability): The character's actions contradict the claimed background.,In Search of the Castaways,Thalcave,contradicted,0.65
58,0,Contradiction (capability): The character is not shown to have any knowledge of Spanish or French.,In Search of the Castaways,Thalcave,contradicted,0.65
59,0,"Contradiction (capability): Thalcave is described as a guide who knows the plains well and has been to the Andes. However, he is also described as ...",In Search of the Castaways,Thalcave,contradicted,0.65
60,1,"Evidence supports: These excerpts directly state that Thalcave led a night dig to save survivors from an avalanche and was a guide of the Pampas, w...",In Search of the Castaways,Thalcave,supported,0.6
61,0,Contradiction (factual): one sentence,In Search of the Castaways,Thalcave,contradicted,0.65
62,0,Contradiction (capability): one sentence,In Search of the Castaways,Thalcave,contradicted,0.65
63,0,Contradiction (capability): The character's lack of understanding and inability to communicate with the sailors contradicts the claim that he learn...,In Search of the Castaways,Thalcave,contradicted,0.65
64,0,Contradiction (capability): The excerpt contradicts the claim by describing Thalcave as a guide who takes the travelers to the sea and fishes a sai...,In Search of the Castaways,Thalcave,contradicted,0.95
65,0,Contradiction (temporal): one sentence,In Search of the Castaways,Thalcave,contradicted,0.65
66,0,Contradiction (temporal): one sentence,In Search of the Castaways,Thalcave,contradicted,0.65
67,0,Contradiction (temporal): one sentence,In Search of the Castaways,Kai-Koumou,contradicted,0.65
68,0,Contradiction (factual): The passage contradicts the claim by describing Kai-Koumou as a chief of high rank who was recently captured by English tr...,In Search of the Castaways,Kai-Koumou,contradicted,0.65
69,0,Contradiction (temporal): one sentence,In Search of the Castaways,Kai-Koumou,contradicted,0.65
70,0,Contradiction (temporal): one sentence,In Search of the Castaways,Kai-Koumou,contradicted,0.65
71,0,Contradiction (factual): The passage contradicts the claim by describing a different event than the one described in the claim.,In Search of the Castaways,Kai-Koumou,contradicted,0.65
72,0,Contradiction (factual): one sentence,In Search of the Castaways,Kai-Koumou,contradicted,0.65
73,0,Contradiction (factual): The character is not named Kai-Koumou in the novel.,In Search of the Castaways,Kai-Koumou,contradicted,0.65
74,0,Contradiction (capability): The character does not have the ability to study crack-patterns by moonlight.,In Search of the Castaways,Kai-Koumou,contradicted,0.65
75,0,Contradiction (capability): The character's actions contradict their claimed background.,In Search of the Castaways,Kai-Koumou,contradicted,0.65
76,0,Contradiction (factual): one sentence,In Search of the Castaways,Kai-Koumou,contradicted,0.65
77,0,Contradiction (factual): one sentence,In Search of the Castaways,Kai-Koumou,contradicted,0.65
78,0,Contradiction (factual): The character's background contradicts the claim that he saw his mother assassinated in inter-tribal strife and ordered he...,In Search of the Castaways,Kai-Koumou,contradicted,0.65
79,0,Contradiction (factual): The passage contradicts the claim by describing Kai-Koumou as a Maori chief who is not in the possession of his mother's b...,In Search of the Castaways,Kai-Koumou,contradicted,0.65
80,0,Contradiction (temporal): one sentence,In Search of the Castaways,Kai-Koumou,contradicted,0.65
81,0,Contradiction (factual): one sentence,In Search of the Castaways,Kai-Koumou,contradicted,0.65
82,0,Contradiction (factual): The character's actions and beliefs contradict the claim.,In Search of the Castaways,Kai-Koumou,contradicted,0.65
83,0,Contradiction (factual): The character's conversation with the chief contradicts the claim that he met Ayrton in Tasmania.,In Search of the Castaways,Kai-Koumou,contradicted,0.65
84,0,"Contradiction (factual): The character is described as taking bones from the bodies of his comrades and using them as tokens, but this contradicts ...",In Search of the Castaways,Kai-Koumou,contradicted,0.65
85,0,Contradiction (temporal): one sentence,In Search of the Castaways,Kai-Koumou,contradicted,0.65
86,0,Contradiction (factual): The character's actions contradict the claim that he valued life and kept his word.,In Search of the Castaways,Kai-Koumou,contradicted,0.65
87,0,Contradiction (temporal): one sentence,The Count of Monte Cristo,Noirtier,contradicted,0.65
88,0,Contradiction (factual): The passage contradicts the claim that Noirtier joined the Girondins and drafted parts of the Revolutionary Code by statin...,The Count of Monte Cristo,Noirtier,contradicted,0.65
89,0,Contradiction (factual): The excerpt contradicts the claim by stating that Noirtier was not mentioned in the examination of Dantès.,The Count of Monte Cristo,Noirtier,contradicted,0.65
90,0,Contradiction (temporal): one sentence,The Count of Monte Cristo,Noirtier,contradicted,0.65
91,0,Contradiction (temporal): one sentence,The Count of Monte Cristo,Noirtier,contradicted,0.65
92,0,Contradiction (factual): The excerpt contradicts the claim by stating that Noirtier has forgotten the name of his intended grandson.,The Count of Monte Cristo,Noirtier,contradicted,0.65
93,0,Contradiction (factual): The excerpt contradicts the claim by stating that Noirtier was vice-president of a Bonapartist club in the Rue Saint-Jacqu...,The Count of Monte Cristo,Noirtier,contradicted,0.65
94,0,Contradiction (temporal): one sentence,The Count of Monte Cristo,Noirtier,contradicted,0.65
95,0,Contradiction (temporal): one sentence,The Count of Monte Cristo,Noirtier,contradicted,0.65
96,0,Contradiction (temporal): one sentence,The Count of Monte Cristo,Noirtier,contradicted,0.65
97,0,Contradiction (factual): The excerpt contradicts the claim by showing that Noirtier does not recognize Barrois' symptoms instantly.,The Count of Monte Cristo,Noirtier,contradicted,0.65
98,0,Contradiction (temporal): one sentence,The Count of Monte Cristo,Noirtier,contradicted,0.65
99,0,Contradiction (temporal): one sentence,The Count of Monte Cristo,Noirtier,contradicted,0.65
100,0,Contradiction (temporal): two sentences,The Count of Monte Cristo,Noirtier,contradicted,0.65
101,0,Contradiction (temporal): one sentence,The Count of Monte Cristo,Noirtier,contradicted,0.65
102,0,"Contradiction (factual): The excerpt contradicts the claim by stating that Noirtier was a Jacobin and a Carbonaro who played with revolutions, whil...",The Count of Monte Cristo,Noirtier,contradicted,0.65
103,0,Contradiction (factual): Noirtier is not distancing himself from former comrades and growing wary of power's corruption.,The Count of Monte Cristo,Noirtier,contradicted,0.65
104,0,Contradiction (factual): The excerpt contradicts the claim by stating that Noirtier's mother was killed and he has a deep distrust of authority due...,The Count of Monte Cristo,Noirtier,contradicted,0.65
105,0,Contradiction (factual): The excerpt contradicts the claim by stating that Noirtier was vice-president of a Bonapartist club in the Rue Saint-Jacques.,The Count of Monte Cristo,Noirtier,contradicted,0.65
106,0,Contradiction (temporal|capability|commitment|world_rule|factual|none): one sentence,The Count of Monte Cristo,Noirtier,contradicted,0.65
107,0,Contradiction (factual): The excerpt contradicts the claim by stating that Danglars comprehended the full extent of Dantès' fate and lived in fear ...,The Count of Monte Cristo,Noirtier,contradicted,0.65
108,0,Contradiction (temporal): one sentence,The Count of Monte Cristo,Noirtier,contradicted,0.65
109,0,Contradiction (factual): The passage contradicts the claim by stating that Villefort's father was a Bonapartist and had conspired against the Bourb...,The Count of Monte Cristo,Noirtier,contradicted,0.65
110,0,Contradiction (factual): The passage contradicts the claim by describing Noirtier as having a locked study full of revolutionary pamphlets and priv...,The Count of Monte Cristo,Noirtier,contradicted,0.65
111,0,"Contradiction (capability): Morrel advanced with a firm, manly tread, and poor Barrois followed him as he best might. Morrel was only thirty-one, B...",The Count of Monte Cristo,Noirtier,contradicted,0.65
112,0,Contradiction (temporal): one sentence,The Count of Monte Cristo,Noirtier,contradicted,0.65
113,0,Contradiction (factual): one sentence,The Count of Monte Cristo,Faria,contradicted,0.95
114,0,Contradiction (temporal): one sentence,The Count of Monte Cristo,Faria,contradicted,0.65
115,0,Contradiction (factual): one sentence,The Count of Monte Cristo,Faria,contradicted,0.65
116,0,Contradiction (temporal): one sentence,The Count of Monte Cristo,Faria,contradicted,0.65
117,0,Contradiction (factual): The passage contradicts the claim by stating that Monte Cristo's treasure was not in Madeira but in Italy.,The Count of Monte Cristo,Faria,contradicted,0.65
118,0,Contradiction (temporal|capability|commitment|world_rule|factual|none): multiple sentences,The Count of Monte Cristo,Faria,contradicted,0.65
119,0,Contradiction (temporal): two sentences,The Count of Monte Cristo,Faria,contradicted,0.65
120,0,Contradiction (temporal): one sentence,The Count of Monte Cristo,Faria,contradicted,0.65
121,0,Contradiction (factual): The excerpts contradict each other in that the first excerpt implies that Faria is mad and the second excerpt implies that...,The Count of Monte Cristo,Faria,contradicted,0.65
122,0,Contradiction (factual): The excerpt contradicts the claim by suggesting that Faria was not present at the Vienna-congress salon when Villefort tam...,The Count of Monte Cristo,Faria,contradicted,0.65
123,0,Contradiction (factual): one sentence,The Count of Monte Cristo,Faria,contradicted,0.65
124,0,Contradiction (capability): one sentence,The Count of Monte Cristo,Faria,contradicted,0.65
125,0,Contradiction (temporal|capability|commitment|world_rule|factual|none): one sentence,The Count of Monte Cristo,Faria,contradicted,0.65
126,0,Contradiction (temporal|capability|commitment|world_rule|factual|none): one sentence,The Count of Monte Cristo,Faria,contradicted,0.65
127,0,Contradiction (factual): one sentence,The Count of Monte Cristo,Faria,contradicted,0.65
128,0,Contradiction (factual): The excerpt contradicts the claim by suggesting that Faria's treasure is not what he claims it to be.,The Count of Monte Cristo,Faria,contradicted,0.65
129,0,Contradiction (factual): one sentence,The Count of Monte Cristo,Faria,contradicted,0.95
130,0,"Contradiction (factual): The excerpt contradicts the claim by stating that Faria died from drinking poisoned water, not sudden death from years of ...",The Count of Monte Cristo,Faria,contradicted,0.65
131,0,Contradiction (factual): one sentence,The Count of Monte Cristo,Faria,contradicted,0.65
132,0,Contradiction (factual): one sentence,The Count of Monte Cristo,Faria,contradicted,0.65
133,0,Contradiction (capability): one sentence,The Count of Monte Cristo,Faria,contradicted,0.65
134,0,Contradiction (temporal): one sentence,The Count of Monte Cristo,Faria,contradicted,0.65
135,0,Contradiction (temporal): one sentence,The Count of Monte Cristo,Faria,contradicted,0.65
136,0,Contradiction (temporal): one sentence,The Count of Monte Cristo,Faria,contradicted,0.65
137,0,Contradiction (factual): The character is not re-arrested and shipped to the Château d'If for life.,The Count of Monte Cristo,Faria,contradicted,0.65
138,0,Contradiction (factual): one sentence,The Count of Monte Cristo,Faria,contradicted,0.65
139,0,Contradiction (temporal): one sentence,The Count of Monte Cristo,Faria,contradicted,0.65
140,0,Contradiction (factual): one sentence,The Count of Monte Cristo,Faria,contradicted,0.65
