Story ID,Prediction,Rationale
1,0,Contradiction (factual): one sentence
2,0,Contradiction (factual): one sentence
3,0,Contradiction (factual): one sentence
4,0,Contradiction (temporal|capability|commitment|world_rule|factual|none): one sentence
5,0,Contradiction (factual): one sentence
6,0,Contradiction (capability): The excerpt contradicts the claim by describing a conversation between Paganel and Captain Mangles about the possibilit...
7,0,Contradiction (commitment): The excerpt contradicts the claim by suggesting that Paganel's actions were motivated by a desire to avoid danger and f...
8,0,Contradiction (capability): The passage contradicts the claim by stating that Paganel was a prisoner of the Maoris for three days.
9,0,Contradiction (factual): The character's actions contradict the claim that he accidentally slipped a farewell letter to his French sweetheart into ...
10,0,Contradiction (factual): one sentence
11,0,Contradiction (factual): one sentence
12,0,Contradiction (factual): one sentence
13,0,Contradiction (capability): The character's actions contradict their claimed background.
14,0,Contradiction (capability): The excerpt contradicts the claim by stating that Paganel was embarrassed and could not summon courage to speak for him...
15,0,Contradiction (capability): The passage contradicts the claim by stating that Paganel was a prisoner of the Maoris and was treated poorly.
16,0,"Contradiction (factual): The character's presence on the ship is explained, and it is revealed that he has a mission from the Geographical Society."
17,0,Contradiction (capability): one sentence
18,0,Contradiction (factual): The story Paganel tells is not related to the claim made about him.
19,0,Contradiction (capability): The excerpt contradicts the claim by stating that Paganel was interested in learning Spanish to facilitate his search o...
20,0,Contradiction (capability): one sentence
21,0,Contradiction (temporal|capability|commitment|world_rule|factual|none): one sentence
22,0,Contradiction (factual): one sentence
23,0,Contradiction (factual): The passage contradicts the claim by describing Paganel's experiences after his mother died and how he was taken to Europe...
24,0,Contradiction (capability): one sentence
25,0,Contradiction (factual): one sentence
26,0,Contradiction (temporal|capability|commitment|world_rule|factual|none): one sentence
27,0,Contradiction (temporal|capability|commitment|world_rule|factual|none): one sentence
28,0,Contradiction (temporal): one sentence
29,0,Contradiction (temporal): one sentence
30,0,Contradiction (factual): one sentence
31,0,Contradiction (factual): The character's name is misspelled in the novel.
32,0,Contradiction (temporal): one sentence
33,0,Contradiction (temporal|capability|commitment|world_rule|factual|none): one sentence
34,0,Contradiction (factual): The character claims to have found ship's papers that mentioned an illicit Australian land deal by a British peer and plan...
35,0,Contradiction (temporal): one sentence
36,0,Contradiction (temporal): one sentence
37,0,Contradiction (temporal): one sentence
38,0,Contradiction (temporal): one sentence
39,0,Contradiction (temporal|capability|commitment|world_rule|factual|none): one sentence
40,0,Contradiction (capability): The character's actions contradict their claimed background.
41,0,Contradiction (temporal|capability|commitment|world_rule|factual|none): one sentence
42,0,Contradiction (temporal|capability|commitment|world_rule|factual|none): one sentence
43,0,Contradiction (factual): The character is not shown to have fled to the Southern Hemisphere.
44,0,Contradiction (temporal): one sentence
45,0,Contradiction (factual): one sentence
46,0,Contradiction (factual): one sentence
47,0,Contradiction (factual): one sentence
48,0,"Contradiction (capability): Thalcave is able to pass as a gaucho and work on a ranch, but also guard his tribe's herb lore and nature beliefs."
49,0,"Contradiction (capability): The passage contradicts the claim by describing Thalcave's desire to meet the chiefs and rescue Harry Grant, suggesting..."
50,0,Contradiction (temporal): one sentence
51,0,Contradiction (factual): one sentence
52,0,"Contradiction (capability): The excerpt contradicts the claim by stating that Thalcave whistled to call his horse, rather than using ancient Tehuel..."
53,0,Contradiction (factual): one sentence
54,0,"Contradiction (factual): The excerpt contradicts the claim by describing Thalcave's horse as a beautiful and spirited beast, which is not consisten..."
55,0,Contradiction (factual): The excerpt contradicts the claim by stating that Thalcave did not appear to hear Paganel's question about Captain Grant b...
56,0,Contradiction (temporal): one sentence
57,0,Contradiction (capability): The character's actions contradict the claimed background.
58,0,Contradiction (capability): The character is not shown to have any knowledge of Spanish or French.
59,0,"Contradiction (capability): Thalcave is described as a guide who knows the plains well and has been to the Andes. However, he is also described as ..."
60,1,"Evidence supports: These excerpts directly state that Thalcave led a night dig to save survivors from an avalanche and was a guide of the Pampas, w..."
61,0,Contradiction (factual): one sentence
62,0,Contradiction (capability): one sentence
63,0,Contradiction (capability): The character's lack of understanding and inability to communicate with the sailors contradicts the claim that he learn...
64,0,Contradiction (capability): The excerpt contradicts the claim by describing Thalcave as a guide who takes the travelers to the sea and fishes a sai...
65,0,Contradiction (temporal): one sentence
66,0,Contradiction (temporal): one sentence
67,0,Contradiction (temporal): one sentence
68,0,Contradiction (factual): The passage contradicts the claim by describing Kai-Koumou as a chief of high rank who was recently captured by English tr...
69,0,Contradiction (temporal): one sentence
70,0,Contradiction (temporal): one sentence
71,0,Contradiction (factual): The passage contradicts the claim by describing a different event than the one described in the claim.
72,0,Contradiction (factual): one sentence
73,0,Contradiction (factual): The character is not named Kai-Koumou in the novel.
74,0,Contradiction (capability): The character does not have the ability to study crack-patterns by moonlight.
75,0,Contradiction (capability): The character's actions contradict their claimed background.
76,0,Contradiction (factual): one sentence
77,0,Contradiction (factual): one sentence
78,0,Contradiction (factual): The character's background contradicts the claim that he saw his mother assassinated in inter-tribal strife and ordered he...
79,0,Contradiction (factual): The passage contradicts the claim by describing Kai-Koumou as a Maori chief who is not in the possession of his mother's b...
80,0,Contradiction (temporal): one sentence
81,0,Contradiction (factual): one sentence
82,0,Contradiction (factual): The character's actions and beliefs contradict the claim.
83,0,Contradiction (factual): The character's conversation with the chief contradicts the claim that he met Ayrton in Tasmania.
84,0,"Contradiction (factual): The character is described as taking bones from the bodies of his comrades and using them as tokens, but this contradicts ..."
85,0,Contradiction (temporal): one sentence
86,0,Contradiction (factual): The character's actions contradict the claim that he valued life and kept his word.
87,0,Contradiction (temporal): one sentence
88,0,Contradiction (factual): The passage contradicts the claim that Noirtier joined the Girondins and drafted parts of the Revolutionary Code by statin...
89,0,Contradiction (factual): The excerpt contradicts the claim by stating that Noirtier was not mentioned in the examination of Dantès.
90,0,Contradiction (temporal): one sentence
91,0,Contradiction (temporal): one sentence
92,0,Contradiction (factual): The excerpt contradicts the claim by stating that Noirtier has forgotten the name of his intended grandson.
93,0,Contradiction (factual): The excerpt contradicts the claim by stating that Noirtier was vice-president of a Bonapartist club in the Rue Saint-Jacqu...
94,0,Contradiction (temporal): one sentence
95,0,Contradiction (temporal): one sentence
96,0,Contradiction (temporal): one sentence
97,0,Contradiction (factual): The excerpt contradicts the claim by showing that Noirtier does not recognize Barrois' symptoms instantly.
98,0,Contradiction (temporal): one sentence
99,0,Contradiction (temporal): one sentence
100,0,Contradiction (temporal): two sentences
101,0,Contradiction (temporal): one sentence
102,0,"Contradiction (factual): The excerpt contradicts the claim by stating that Noirtier was a Jacobin and a Carbonaro who played with revolutions, whil..."
103,0,Contradiction (factual): Noirtier is not distancing himself from former comrades and growing wary of power's corruption.
104,0,Contradiction (factual): The excerpt contradicts the claim by stating that Noirtier's mother was killed and he has a deep distrust of authority due...
105,0,Contradiction (factual): The excerpt contradicts the claim by stating that Noirtier was vice-president of a Bonapartist club in the Rue Saint-Jacques.
106,0,Contradiction (temporal|capability|commitment|world_rule|factual|none): one sentence
107,0,Contradiction (factual): The excerpt contradicts the claim by stating that Danglars comprehended the full extent of Dantès' fate and lived in fear ...
108,0,Contradiction (temporal): one sentence
109,0,Contradiction (factual): The passage contradicts the claim by stating that Villefort's father was a Bonapartist and had conspired against the Bourb...
110,0,Contradiction (factual): The passage contradicts the claim by describing Noirtier as having a locked study full of revolutionary pamphlets and priv...
111,0,"Contradiction (capability): Morrel advanced with a firm, manly tread, and poor Barrois followed him as he best might. Morrel was only thirty-one, B..."
112,0,Contradiction (temporal): one sentence
113,0,Contradiction (factual): one sentence
114,0,Contradiction (temporal): one sentence
115,0,Contradiction (factual): one sentence
116,0,Contradiction (temporal): one sentence
117,0,Contradiction (factual): The passage contradicts the claim by stating that Monte Cristo's treasure was not in Madeira but in Italy.
118,0,Contradiction (temporal|capability|commitment|world_rule|factual|none): multiple sentences
119,0,Contradiction (temporal): two sentences
120,0,Contradiction (temporal): one sentence
121,0,Contradiction (factual): The excerpts contradict each other in that the first excerpt implies that Faria is mad and the second excerpt implies that...
122,0,Contradiction (factual): The excerpt contradicts the claim by suggesting that Faria was not present at the Vienna-congress salon when Villefort tam...
123,0,Contradiction (factual): one sentence
124,0,Contradiction (capability): one sentence
125,0,Contradiction (temporal|capability|commitment|world_rule|factual|none): one sentence
126,0,Contradiction (temporal|capability|commitment|world_rule|factual|none): one sentence
127,0,Contradiction (factual): one sentence
128,0,Contradiction (factual): The excerpt contradicts the claim by suggesting that Faria's treasure is not what he claims it to be.
129,0,Contradiction (factual): one sentence
130,0,"Contradiction (factual): The excerpt contradicts the claim by stating that Faria died from drinking poisoned water, not sudden death from years of ..."
131,0,Contradiction (factual): one sentence
132,0,Contradiction (factual): one sentence
133,0,Contradiction (capability): one sentence
134,0,Contradiction (temporal): one sentence
135,0,Contradiction (temporal): one sentence
136,0,Contradiction (temporal): one sentence
137,0,Contradiction (factual): The character is not re-arrested and shipped to the Château d'If for life.
138,0,Contradiction (factual): one sentence
139,0,Contradiction (temporal): one sentence
140,0,Contradiction (factual): one sentence
